,ID,Unnamed:_0,Game_Name,Match_Name,Num_in_Match,Region,Tournament,Blue_Team_Name,Red_Team_Name,Date,Week,Winner,Blue_kills,Red_kills,Total_kills,Blue_towers,Red_towers,Total_towers,Blue_dragons,Red_dragons,Total_dragons,Blue_barons,Red_barons,Total_barons,Blue_gold,Red_gold,Total_gold,First_blood_team,First_blood_time,First_tower_team,First_tower_time,First_dragon_team,First_dragon_time,First_rift_herald_team,First_rift_herald_time,First_baron_team,First_baron_time,Game_time,Blue_players,Red_players
0,1502022,0,T1  vs Saigon Buffalo ,T1 vs SGB 0,1,MSI,MSI 2022,T1 ,Saigon Buffalo ,2022-05-10,0,blue,23,11,34,10,1,11,2,0,2,1,0,1,55.8,44.5,100.3,red,98,red,812,red,98,blue,563,blue,1255,1563,"Zeus,Oner,Faker,Gumayusi,Keria,","Hasmed,BeanJ,Froggy,Shogun,Taki,"
1,2502022,1,Team Aze  vs Detonation FocusMe ,Team Aze vs DFM 0,1,MSI,MSI 2022,Team Aze ,Detonation FocusMe ,2022-05-10,0,red,2,14,16,2,8,10,2,0,2,0,1,1,40.0,50.5,90.5,red,259,red,760,red,259,red,536,red,1403,1594,"Lonely,Dimitry,Aloned,5Kid,Straight,","Evi,Steal,Yaharong,Yutapon,Harp,"
2,3502022,2,ORDER  vs G2 Esports ,ORDER vs G2 Esports 0,1,MSI,MSI 2022,ORDER ,G2 Esports ,2022-05-10,0,red,9,15,24,3,9,12,0,0,0,0,1,1,43.3,52.5,95.8,red,343,red,704,red,343,red,508,red,1244,1574,"BioPanther,Kevy,Kisee,Puma,Corporal,","Brokenblade,Jankos,Caps,Flakked,Targamas,"
3,4502022,3,Evil Geniuses  vs G2 Esports ,EG vs G2 Esports 0,1,MSI,MSI 2022,Evil Geniuses ,G2 Esports ,2022-05-10,0,red,5,13,18,5,11,16,1,0,1,0,2,2,51.3,64.3,115.6,red,321,red,929,red,321,red,602,red,1321,1892,"Impact,Inspired,jojopyun,Danny,Vulcan,","Brokenblade,Jankos,Caps,Flakked,Targamas,"
4,5502022,4,RED Canids  vs PSG Talon ,RED Canids vs PSG Talon 0,1,MSI,MSI 2022,RED Canids ,PSG Talon ,2022-05-10,0,blue,13,0,13,9,2,11,2,0,2,1,0,1,54.6,42.3,96.9,blue,313,red,814,blue,313,blue,519,blue,1519,1681,"Guigo,Aegis,Grevthar,Titan,JoJo,","Hanabi,Juhan,Bay,Unified,Kaiwing,"
5,6502022,5,G2 Esports  vs Evil Geniuses ,G2 Esports vs EG 0,1,MSI,MSI 2022,G2 Esports ,Evil Geniuses ,2022-05-11,0,blue,24,14,38,9,9,18,4,0,4,0,2,2,77.9,70.4,148.3,blue,141,blue,808,blue,141,blue,501,red,1656,2305,"Brokenblade,Jankos,Caps,Flakked,Targamas,","Impact,Inspired,jojopyun,Danny,Vulcan,"
6,7502022,6,Evil Geniuses  vs ORDER ,EG vs ORDER 0,1,MSI,MSI 2022,Evil Geniuses ,ORDER ,2022-05-11,0,blue,22,5,27,10,2,12,3,0,3,1,0,1,71.7,58.9,130.6,blue,404,blue,692,blue,404,blue,523,blue,2120,2287,"Impact,Inspired,jojopyun,Danny,Vulcan,","BioPanther,Kevy,Kisee,Puma,Corporal,"
7,8502022,7,Detonation FocusMe  vs Saigon Buffalo ,DFM vs SGB 0,1,MSI,MSI 2022,Detonation FocusMe ,Saigon Buffalo ,2022-05-11,0,red,17,17,34,3,10,13,2,0,2,0,3,3,65.0,68.4,133.4,blue,258,red,603,blue,258,blue,602,red,1295,2148,"Evi,Steal,Yaharong,Yutapon,Harp,","Hasmed,BeanJ,Froggy,Shogun,Taki,"
8,9502022,8,Team Aze  vs T1 ,Team Aze vs T1 0,1,MSI,MSI 2022,Team Aze ,T1 ,2022-05-11,0,red,4,25,29,0,11,11,0,0,0,0,0,0,30.6,48.1,78.7,red,215,red,672,red,215,red,527,none,0,1244,"Lonely,Dimitry,Aloned,5Kid,Straight,","Zeus,Oner,Faker,Keria,Gumayusi,"
9,10502022,9,Istanbul Wildcats  vs RED Canids ,IW vs RED Canids 0,1,MSI,MSI 2022,Istanbul Wildcats ,RED Canids ,2022-05-11,0,blue,12,15,27,7,4,11,3,0,3,0,0,0,52.4,49.2,101.6,blue,339,blue,929,red,339,blue,504,none,0,1701,"StarScreen,Ferret,Serin,Holyphoenix,Farfetch,","Guigo,Aegis,Grevthar,Titan,JoJo,"
10,11502022,10,ORDER  vs Evil Geniuses ,ORDER vs EG 0,1,MSI,MSI 2022,ORDER ,Evil Geniuses ,2022-05-12,0,red,6,18,24,0,9,9,2,0,2,0,1,1,38.5,51.7,90.2,red,219,red,927,red,219,blue,758,red,1286,1470,"BioPanther,Kevy,Kisee,Puma,Corporal,","Impact,Inspired,jojopyun,Danny,Vulcan,"
11,12502022,11,G2 Esports  vs ORDER ,G2 Esports vs ORDER 0,1,MSI,MSI 2022,G2 Esports ,ORDER ,2022-05-12,0,blue,18,7,25,10,2,12,2,0,2,1,0,1,51.9,39.8,91.7,blue,176,blue,741,blue,176,blue,686,blue,1358,1471,"Brokenblade,Jankos,Caps,Flakked,Targamas,","BioPanther,Kevy,Kisee,Puma,Corporal,"
12,13502022,12,PSG Talon  vs Istanbul Wildcats ,PSG Talon vs IW 0,1,MSI,MSI 2022,PSG Talon ,Istanbul Wildcats ,2022-05-12,0,blue,19,4,23,7,3,10,2,0,2,1,0,1,46.8,37.0,83.8,red,181,red,708,red,181,red,533,blue,1282,1403,"Hanabi,Juhan,Bay,Unified,Kaiwing,","StarScreen,Ferret,Serin,Holyphoenix,Farfetch,"
13,14502022,13,Saigon Buffalo  vs Team Aze ,SGB vs Team Aze 0,1,MSI,MSI 2022,Saigon Buffalo ,Team Aze ,2022-05-12,0,blue,20,7,27,10,0,10,2,0,2,0,0,0,46.8,32.4,79.19999999999999,blue,149,blue,701,red,149,blue,572,none,0,1239,"Hasmed,BeanJ,Froggy,Shogun,Taki,","Lonely,Dimitry,Aloned,5Kid,Straight,"
14,15502022,14,T1  vs Detonation FocusMe ,T1 vs DFM 0,1,MSI,MSI 2022,T1 ,Detonation FocusMe ,2022-05-12,0,blue,26,11,37,10,1,11,2,0,2,1,0,1,57.7,40.3,98.0,blue,125,blue,898,blue,125,blue,529,blue,1292,1482,"Zeus,Oner,Faker,Gumayusi,Keria,","Evi,Steal,Yaharong,Yutapon,Harp,"
15,16502022,15,PSG Talon  vs RED Canids ,PSG Talon vs RED Canids 0,1,MSI,MSI 2022,PSG Talon ,RED Canids ,2022-05-13,0,blue,14,1,15,7,4,11,1,0,1,1,0,1,51.8,44.3,96.1,blue,618,red,914,red,369,red,610,blue,1377,1666,"Hanabi,Juhan,Bay,Unified,Kaiwing,","Guigo,Aegis,Grevthar,Titan,JoJo,"
16,17502022,16,Royal Never Give Up  vs Istanbul Wildcats ,RNG vs IW 0,1,MSI,MSI 2022,Royal Never Give Up ,Istanbul Wildcats ,2022-05-13,0,blue,29,11,40,10,0,10,3,0,3,0,0,0,52.7,38.8,91.5,blue,125,blue,626,blue,125,blue,513,none,0,1396,"Bin,Wei,xiaohu,GALA,Ming,","StarScreen,Ferret,Serin,Holyphoenix,Farfetch,"
17,18502022,17,Istanbul Wildcats  vs PSG Talon ,IW vs PSG Talon 0,1,MSI,MSI 2022,Istanbul Wildcats ,PSG Talon ,2022-05-13,0,red,17,20,37,3,9,12,2,0,2,0,1,1,55.6,63.5,119.1,blue,395,red,1206,blue,395,red,610,red,1564,1976,"StarScreen,Ferret,Serin,Holyphoenix,Farfetch,","Hanabi,Juhan,Bay,Unified,Kaiwing,"
18,19502022,18,RED Canids  vs Royal Never Give Up ,RED Canids vs RNG 0,1,MSI,MSI 2022,RED Canids ,Royal Never Give Up ,2022-05-13,0,red,3,20,23,1,7,8,0,0,0,0,0,0,29.6,43.7,73.30000000000001,red,257,red,802,red,257,blue,617,none,0,1233,"Guigo,Aegis,Grevthar,Titan,JoJo,","Bin,Wei,xiaohu,GALA,Ming,"
19,20502022,19,RED Canids  vs Istanbul Wildcats ,RED Canids vs IW 0,1,MSI,MSI 2022,RED Canids ,Istanbul Wildcats ,2022-05-13,0,blue,31,8,39,11,3,14,2,0,2,0,0,0,59.6,49.5,109.1,blue,446,blue,612,blue,446,blue,574,none,0,1798,"Guigo,Aegis,Grevthar,Titan,JoJo,","StarScreen,Ferret,Serin,Holyphoenix,Farfetch,"
20,21502022,20,PSG Talon  vs Royal Never Give Up ,PSG Talon vs RNG 0,1,MSI,MSI 2022,PSG Talon ,Royal Never Give Up ,2022-05-13,0,red,14,14,28,2,11,13,1,0,1,0,2,2,59.5,66.3,125.8,blue,140,blue,945,red,140,blue,579,red,1560,2009,"Hanabi,Juhan,Bay,Unified,Kaiwing,","Bin,Wei,xiaohu,GALA,Ming,"
21,22502022,21,Evil Geniuses  vs G2 Esports ,EG vs G2 Esports 0,1,MSI,MSI 2022,Evil Geniuses ,G2 Esports ,2022-05-14,0,red,12,22,34,5,7,12,1,0,1,1,1,2,69.3,71.3,140.6,blue,261,blue,692,red,261,blue,571,red,1317,2358,"Impact,Inspired,jojopyun,Danny,Vulcan,","Brokenblade,Jankos,Caps,Targamas,Flakked,"
22,23502022,22,Evil Geniuses  vs ORDER ,EG vs ORDER 0,1,MSI,MSI 2022,Evil Geniuses ,ORDER ,2022-05-14,0,blue,24,5,29,11,0,11,3,0,3,1,0,1,54.4,34.5,88.9,blue,195,blue,804,blue,195,red,506,blue,1319,1420,"Impact,Inspired,jojopyun,Danny,Vulcan,","BioPanther,Kevy,Kisee,Puma,Corporal,"
23,24502022,23,G2 Esports  vs ORDER ,G2 Esports vs ORDER 0,1,MSI,MSI 2022,G2 Esports ,ORDER ,2022-05-14,0,blue,28,10,38,10,0,10,1,0,1,0,1,1,60.4,42.1,102.5,blue,125,blue,715,blue,125,blue,504,red,1386,1573,"Brokenblade,Jankos,Caps,Flakked,Targamas,","BioPanther,Kevy,Kisee,Puma,Corporal,"
24,25502022,24,G2 Esports  vs Evil Geniuses ,G2 Esports vs EG 0,1,MSI,MSI 2022,G2 Esports ,Evil Geniuses ,2022-05-14,0,blue,23,11,34,8,5,13,3,0,3,1,0,1,66.5,62.7,129.2,blue,236,red,887,blue,236,blue,603,blue,1785,2090,"Brokenblade,Jankos,Caps,Flakked,Targamas,","Impact,Inspired,jojopyun,Danny,Vulcan,"
25,26502022,25,ORDER  vs G2 Esports ,ORDER vs G2 Esports 0,1,MSI,MSI 2022,ORDER ,G2 Esports ,2022-05-14,0,red,4,20,24,3,9,12,2,0,2,0,1,1,37.4,51.7,89.1,red,371,red,598,blue,355,red,503,red,1241,1450,"BioPanther,Kevy,Kisee,Puma,Corporal,","Brokenblade,Jankos,Caps,Flakked,Targamas,"
26,27502022,26,Istanbul Wildcats  vs Royal Never Give Up ,IW vs RNG 0,1,MSI,MSI 2022,Istanbul Wildcats ,Royal Never Give Up ,2022-05-14,0,red,10,23,33,1,11,12,1,0,1,0,1,1,41.9,54.4,96.3,red,236,red,669,red,236,red,513,red,1231,1526,"StarScreen,Ferret,Serin,Holyphoenix,Farfetch,","Bin,Wei,xiaohu,GALA,Ming,"
27,28502022,27,Royal Never Give Up  vs PSG Talon ,RNG vs PSG Talon 0,1,MSI,MSI 2022,Royal Never Give Up ,PSG Talon ,2022-05-14,0,blue,26,8,34,9,0,9,2,0,2,1,0,1,51.4,36.9,88.3,blue,232,blue,702,blue,232,blue,573,blue,1290,1418,"Bin,Wei,xiaohu,GALA,Ming,","Azhi,Juhan,Bay,Unified,Kaiwing,"
28,29502022,28,Royal Never Give Up  vs RED Canids ,RNG vs RED Canids 0,1,MSI,MSI 2022,Royal Never Give Up ,RED Canids ,2022-05-14,0,blue,30,10,40,11,2,13,2,0,2,1,0,1,64.8,48.4,113.2,blue,255,blue,770,red,255,blue,552,blue,1460,1777,"Bin,Wei,xiaohu,GALA,Ming,","Guigo,Aegis,Grevthar,Titan,JoJo,"
29,30502022,29,ORDER  vs Evil Geniuses ,ORDER vs EG 0,1,MSI,MSI 2022,ORDER ,Evil Geniuses ,2022-05-14,0,red,2,18,20,0,9,9,0,0,0,0,1,1,34.0,48.4,82.4,red,205,red,870,red,205,red,932,red,1257,1390,"BioPanther,Kevy,Kisee,Puma,Corporal,","Impact,Inspired,jojopyun,Danny,Vulcan,"
30,31502022,30,Team Aze  vs Saigon Buffalo ,Team Aze vs SGB 0,1,MSI,MSI 2022,Team Aze ,Saigon Buffalo ,2022-05-15,0,red,6,25,31,0,9,9,0,0,0,0,1,1,34.7,53.5,88.2,red,266,red,639,red,266,red,536,red,1258,1382,"Lonely,Dimitry,Aloned,5Kid,Straight,","Hasmed,BeanJ,Froggy,Shogun,Taki,"
31,32502022,31,Detonation FocusMe  vs T1 ,DFM vs T1 0,1,MSI,MSI 2022,Detonation FocusMe ,T1 ,2022-05-15,0,red,6,18,24,2,10,12,0,0,0,0,1,1,38.9,50.3,89.19999999999999,blue,279,red,883,blue,279,blue,523,red,1322,1422,"Evi,Steal,Yaharong,Yutapon,Harp,","Zeus,Oner,Faker,Gumayusi,Keria,"
32,33502022,32,Saigon Buffalo  vs Detonation FocusMe ,SGB vs DFM 0,1,MSI,MSI 2022,Saigon Buffalo ,Detonation FocusMe ,2022-05-15,0,blue,30,32,62,7,7,14,3,0,3,0,2,2,70.3,70.5,140.8,blue,197,blue,777,blue,197,blue,600,red,1327,2212,"Hasmed,BeanJ,Froggy,Shogun,Taki,","Evi,Steal,Yaharong,Yutapon,Harp,"
33,34502022,33,T1  vs Team Aze ,T1 vs Team Aze 0,1,MSI,MSI 2022,T1 ,Team Aze ,2022-05-15,0,blue,20,8,28,10,0,10,1,0,1,1,0,1,54.3,35.9,90.2,blue,208,blue,797,red,208,blue,595,blue,1290,1335,"Zeus,Oner,Faker,Gumayusi,Keria,","Lonely,Dimitry,Aloned,5Kid,Straight,"
34,35502022,34,Detonation FocusMe  vs Team Aze ,DFM vs Team Aze 0,1,MSI,MSI 2022,Detonation FocusMe ,Team Aze ,2022-05-15,0,red,19,16,35,7,9,16,2,0,2,0,3,3,70.6,71.3,141.89999999999998,blue,390,blue,719,red,390,blue,570,red,1308,2222,"Evi,Steal,Yaharong,Harp,Yutapon,","Lonely,Dimitry,Aloned,5Kid,Straight,"
35,36502022,35,Saigon Buffalo  vs T1 ,SGB vs T1 0,1,MSI,MSI 2022,Saigon Buffalo ,T1 ,2022-05-15,0,red,5,17,22,1,8,9,0,0,0,0,1,1,34.1,45.8,79.9,red,327,red,858,red,327,red,685,red,1271,1314,"Hasmed,BeanJ,Froggy,Shogun,Taki,","Zeus,Oner,Faker,Gumayusi,Keria,"
36,37502022,36,T1  vs G2 Esports ,T1 vs G2 Esports 0,1,MSI,MSI 2022,T1 ,G2 Esports ,2022-05-20,0,red,8,20,28,8,10,18,3,0,3,0,2,2,69.7,73.6,143.3,blue,120,blue,633,blue,120,blue,539,red,1619,2348,"Zeus,Oner,Faker,Gumayusi,Keria,","Brokenblade,Jankos,Caps,Flakked,Targamas,"
37,38502022,37,Evil Geniuses  vs Royal Never Give Up ,EG vs RNG 0,1,MSI,MSI 2022,Evil Geniuses ,Royal Never Give Up ,2022-05-20,0,red,11,22,33,3,10,13,0,0,0,1,1,2,59.5,69.7,129.2,red,388,red,658,red,388,red,517,blue,1401,2075,"Impact,Inspired,jojopyun,Danny,Vulcan,","Bin,Wei,xiaohu,GALA,Ming,"
38,39502022,38,PSG Talon  vs Saigon Buffalo ,PSG Talon vs SGB 0,1,MSI,MSI 2022,PSG Talon ,Saigon Buffalo ,2022-05-20,0,blue,25,13,38,10,7,17,4,0,4,1,1,2,78.1,72.8,150.89999999999998,blue,307,blue,841,blue,307,blue,556,blue,1315,2447,"Hanabi,Juhan,Bay,Unified,Kaiwing,","Hasmed,BeanJ,Froggy,Shogun,Taki,"
39,40502022,39,G2 Esports  vs Royal Never Give Up ,G2 Esports vs RNG 0,1,MSI,MSI 2022,G2 Esports ,Royal Never Give Up ,2022-05-20,0,blue,21,14,35,9,3,12,3,0,3,2,0,2,67.6,59.9,127.5,blue,449,blue,767,red,449,blue,539,blue,1266,2192,"Brokenblade,Jankos,Caps,Flakked,Targamas,","Bin,Wei,xiaohu,GALA,Ming,"
40,41502022,40,Saigon Buffalo  vs Evil Geniuses ,SGB vs EG 0,1,MSI,MSI 2022,Saigon Buffalo ,Evil Geniuses ,2022-05-20,0,red,11,20,31,3,8,11,1,0,1,0,1,1,46.8,57.1,103.9,red,189,red,773,red,189,red,748,red,1543,1725,"Hasmed,BeanJ,Froggy,Shogun,Taki,","Impact,Inspired,jojopyun,Danny,Vulcan,"
41,42502022,41,PSG Talon  vs T1 ,PSG Talon vs T1 0,1,MSI,MSI 2022,PSG Talon ,T1 ,2022-05-20,0,red,9,15,24,0,11,11,1,0,1,0,2,2,51.8,68.3,120.1,red,196,red,969,red,196,red,540,red,1433,1990,"Hanabi,Juhan,Bay,Unified,Kaiwing,","Zeus,Oner,Faker,Gumayusi,Keria,"
42,43502022,42,G2 Esports  vs Evil Geniuses ,G2 Esports vs EG 0,1,MSI,MSI 2022,G2 Esports ,Evil Geniuses ,2022-05-21,0,blue,16,8,24,9,3,12,3,0,3,1,0,1,64.8,54.8,119.6,blue,286,red,1007,blue,286,red,513,blue,1774,2032,"Brokenblade,Jankos,Caps,Flakked,Targamas,","Impact,Inspired,jojopyun,Danny,Vulcan,"
43,44502022,43,Royal Never Give Up  vs PSG Talon ,RNG vs PSG Talon 0,1,MSI,MSI 2022,Royal Never Give Up ,PSG Talon ,2022-05-21,0,blue,11,3,14,11,2,13,3,0,3,2,0,2,63.5,48.5,112.0,blue,416,red,859,blue,416,blue,586,blue,1389,1881,"Bin,Wei,xiaohu,GALA,Ming,","Hanabi,Juhan,Bay,Unified,Kaiwing,"
44,45502022,44,T1  vs Saigon Buffalo ,T1 vs SGB 0,1,MSI,MSI 2022,T1 ,Saigon Buffalo ,2022-05-21,0,blue,20,6,26,9,1,10,1,0,1,1,0,1,50.3,35.8,86.1,blue,309,blue,764,red,309,blue,541,blue,1266,1375,"Zeus,Oner,Faker,Gumayusi,Keria,","Hasmed,BeanJ,Froggy,Shogun,Taki,"
45,46502022,45,PSG Talon  vs Evil Geniuses ,PSG Talon vs EG 0,1,MSI,MSI 2022,PSG Talon ,Evil Geniuses ,2022-05-21,0,red,3,19,22,3,11,14,0,0,0,0,2,2,52.9,69.9,122.8,blue,555,blue,952,blue,547,blue,547,red,1571,2099,"Hanabi,Juhan,Bay,Unified,Kaiwing,","Impact,Inspired,jojopyun,Danny,Vulcan,"
46,47502022,46,Royal Never Give Up  vs T1 ,RNG vs T1 0,1,MSI,MSI 2022,Royal Never Give Up ,T1 ,2022-05-21,0,blue,24,14,38,9,6,15,2,0,2,1,1,2,63.3,57.8,121.1,red,363,red,604,red,363,red,538,red,1284,1957,"Bin,Wei,xiaohu,GALA,Ming,","Zeus,Oner,Faker,Gumayusi,Keria,"
47,48502022,47,Saigon Buffalo  vs G2 Esports ,SGB vs G2 Esports 0,1,MSI,MSI 2022,Saigon Buffalo ,G2 Esports ,2022-05-21,0,red,6,22,28,2,7,9,0,0,0,0,1,1,38.9,49.0,87.9,red,170,red,837,red,170,blue,527,red,1273,1398,"Hasmed,BeanJ,Froggy,Shogun,Taki,","Brokenblade,Jankos,Caps,Flakked,Targamas,"
48,49502022,48,Evil Geniuses  vs T1 ,EG vs T1 0,1,MSI,MSI 2022,Evil Geniuses ,T1 ,2022-05-22,0,red,4,12,16,1,8,9,1,0,1,0,1,1,39.9,51.0,90.9,red,571,red,602,red,529,red,529,red,1373,1503,"Impact,Inspired,jojopyun,Danny,Vulcan,","Zeus,Oner,Faker,Keria,Gumayusi,"
49,50502022,49,G2 Esports  vs PSG Talon ,G2 Esports vs PSG Talon 0,1,MSI,MSI 2022,G2 Esports ,PSG Talon ,2022-05-22,0,red,4,12,16,2,7,9,2,0,2,0,1,1,44.4,49.8,94.2,blue,410,blue,810,red,367,blue,497,red,1456,1660,"Brokenblade,Jankos,Caps,Flakked,Targamas,","Hanabi,Juhan,Bay,Unified,Kaiwing,"
50,51502022,50,Royal Never Give Up  vs Saigon Buffalo ,RNG vs SGB 0,1,MSI,MSI 2022,Royal Never Give Up ,Saigon Buffalo ,2022-05-22,0,blue,12,7,19,10,4,14,4,0,4,1,0,1,68.7,59.3,128.0,blue,204,blue,670,blue,204,blue,508,blue,1706,2136,"Bin,Wei,xiaohu,GALA,Ming,","Hasmed,BeanJ,Froggy,Shogun,Taki,"
51,52502022,51,T1  vs PSG Talon ,T1 vs PSG Talon 0,1,MSI,MSI 2022,T1 ,PSG Talon ,2022-05-22,0,blue,14,12,26,9,2,11,2,0,2,1,0,1,66.6,55.0,121.6,blue,388,blue,714,blue,388,blue,577,blue,1552,2073,"Zeus,Oner,Faker,Gumayusi,Keria,","Hanabi,Juhan,Bay,Unified,Kaiwing,"
52,53502022,52,Royal Never Give Up  vs G2 Esports ,RNG vs G2 Esports 0,1,MSI,MSI 2022,Royal Never Give Up ,G2 Esports ,2022-05-22,0,blue,15,6,21,8,1,9,2,0,2,1,0,1,51.7,41.4,93.1,blue,192,blue,689,blue,192,blue,521,blue,1441,1611,"Bin,Wei,xiaohu,GALA,Ming,","Brokenblade,Jankos,Caps,Flakked,Targamas,"
53,54502022,53,Evil Geniuses  vs Saigon Buffalo ,EG vs SGB 0,1,MSI,MSI 2022,Evil Geniuses ,Saigon Buffalo ,2022-05-22,0,blue,28,11,39,10,3,13,4,0,4,1,0,1,65.7,53.5,119.2,blue,290,red,889,blue,290,blue,613,blue,1608,1941,"Impact,Inspired,jojopyun,Danny,Vulcan,","Hasmed,BeanJ,Froggy,Shogun,Taki,"
54,55502022,54,PSG Talon  vs G2 Esports ,PSG Talon vs G2 Esports 0,1,MSI,MSI 2022,PSG Talon ,G2 Esports ,2022-05-23,0,blue,18,8,26,10,3,13,4,0,4,1,1,2,66.6,58.2,124.8,blue,508,blue,830,blue,375,blue,503,red,1565,2001,"Hanabi,Juhan,Bay,Unified,Kaiwing,","Brokenblade,Jankos,Caps,Flakked,Targamas,"
55,56502022,55,T1  vs Evil Geniuses ,T1 vs EG 0,1,MSI,MSI 2022,T1 ,Evil Geniuses ,2022-05-23,0,red,11,22,33,5,8,13,3,0,3,0,2,2,56.1,62.4,118.5,blue,272,blue,743,blue,272,blue,538,red,1319,1921,"Zeus,Oner,Faker,Gumayusi,Keria,","Impact,Inspired,jojopyun,Danny,Vulcan,"
56,57502022,56,Saigon Buffalo  vs Royal Never Give Up ,SGB vs RNG 0,1,MSI,MSI 2022,Saigon Buffalo ,Royal Never Give Up ,2022-05-23,0,red,25,19,44,6,8,14,0,0,0,1,0,1,66.5,67.3,133.8,red,174,red,864,red,174,red,557,blue,1687,2128,"Hasmed,BeanJ,Froggy,Shogun,Taki,","Bin,Wei,xiaohu,GALA,Ming,"
57,58502022,57,G2 Esports  vs T1 ,G2 Esports vs T1 0,1,MSI,MSI 2022,G2 Esports ,T1 ,2022-05-23,0,red,9,18,27,2,9,11,2,0,2,0,0,0,38.6,44.7,83.30000000000001,blue,264,red,519,blue,264,blue,517,none,0,1304,"Brokenblade,Jankos,Caps,Flakked,Targamas,","Zeus,Oner,Faker,Gumayusi,Keria,"
58,59502022,58,Saigon Buffalo  vs PSG Talon ,SGB vs PSG Talon 0,1,MSI,MSI 2022,Saigon Buffalo ,PSG Talon ,2022-05-23,0,blue,15,9,24,9,3,12,2,0,2,1,0,1,54.3,47.9,102.2,blue,226,red,890,blue,226,red,514,blue,1282,1709,"Hasmed,BeanJ,Froggy,Shogun,Taki,","Hanabi,Juhan,Bay,Unified,Kaiwing,"
59,60502022,59,Royal Never Give Up  vs Evil Geniuses ,RNG vs EG 0,1,MSI,MSI 2022,Royal Never Give Up ,Evil Geniuses ,2022-05-23,0,blue,26,4,30,9,1,10,3,0,3,1,0,1,52.7,36.1,88.80000000000001,blue,394,blue,950,blue,394,blue,534,blue,1290,1467,"Bin,Wei,xiaohu,GALA,Ming,","Impact,Inspired,jojopyun,Danny,Vulcan,"
60,61502022,60,G2 Esports  vs Saigon Buffalo ,G2 Esports vs SGB 0,1,MSI,MSI 2022,G2 Esports ,Saigon Buffalo ,2022-05-24,0,red,7,18,25,2,8,10,1,0,1,0,1,1,42.3,52.0,94.3,blue,182,red,574,blue,182,blue,509,red,1440,1560,"Brokenblade,Jankos,Caps,Flakked,Targamas,","Hasmed,BeanJ,Froggy,Shogun,Taki,"
61,62502022,61,Evil Geniuses  vs PSG Talon ,EG vs PSG Talon 0,1,MSI,MSI 2022,Evil Geniuses ,PSG Talon ,2022-05-24,0,blue,22,5,27,9,0,9,2,0,2,1,0,1,59.7,43.4,103.1,blue,496,blue,1053,red,400,blue,666,blue,1631,1749,"Impact,Inspired,jojopyun,Danny,Vulcan,","Hanabi,Juhan,Bay,Unified,Kaiwing,"
62,63502022,62,Saigon Buffalo  vs T1 ,SGB vs T1 0,1,MSI,MSI 2022,Saigon Buffalo ,T1 ,2022-05-24,0,red,9,24,33,0,10,10,0,0,0,0,1,1,36.3,52.9,89.19999999999999,red,182,red,612,red,182,red,510,red,1282,1405,"Hasmed,BeanJ,Froggy,Shogun,Taki,","Zeus,Oner,Faker,Gumayusi,Keria,"
63,64502022,63,PSG Talon  vs Royal Never Give Up ,PSG Talon vs RNG 0,1,MSI,MSI 2022,PSG Talon ,Royal Never Give Up ,2022-05-24,0,red,3,22,25,1,10,11,0,0,0,0,1,1,40.3,55.4,95.7,red,100,red,721,red,100,red,521,red,1314,1588,"Hanabi,Juhan,Bay,Unified,Kaiwing,","Bin,Wei,xiaohu,GALA,Ming,"
64,65502022,64,Evil Geniuses  vs G2 Esports ,EG vs G2 Esports 0,1,MSI,MSI 2022,Evil Geniuses ,G2 Esports ,2022-05-24,0,red,10,14,24,4,10,14,3,0,3,0,1,1,58.0,66.6,124.6,blue,522,red,865,red,373,red,518,red,1647,2111,"Impact,Inspired,jojopyun,Danny,Vulcan,","Brokenblade,Jankos,Caps,Flakked,Targamas,"
65,66502022,65,T1  vs Royal Never Give Up ,T1 vs RNG 0,1,MSI,MSI 2022,T1 ,Royal Never Give Up ,2022-05-24,0,blue,12,10,22,8,3,11,3,0,3,1,0,1,62.0,56.5,118.5,blue,381,blue,775,blue,381,blue,508,blue,1893,1949,"Zeus,Oner,Faker,Gumayusi,Keria,","Bin,Wei,xiaohu,GALA,Ming,"
66,67502022,66,Royal Never Give Up  vs Evil Geniuses ,RNG vs EG 0,1,MSI,MSI 2022,Royal Never Give Up ,Evil Geniuses ,2022-05-27,0,blue,22,1,23,11,0,11,3,0,3,1,0,1,58.5,40.6,99.1,blue,185,blue,742,blue,185,blue,501,blue,1288,1663,"Bin,Wei,xiaohu,GALA,Ming,","Impact,Inspired,jojopyun,Danny,Vulcan,"
67,68502022,67,Evil Geniuses  vs Royal Never Give Up ,RNG vs EG 0,2,MSI,MSI 2022,Evil Geniuses ,Royal Never Give Up ,2022-05-27,0,red,15,19,34,4,9,13,1,0,1,0,1,1,60.8,70.6,131.39999999999998,red,213,red,1006,red,213,red,527,red,1648,2137,"Impact,Inspired,jojopyun,Danny,Vulcan,","Bin,Wei,xiaohu,GALA,Ming,"
68,69502022,68,Evil Geniuses  vs Royal Never Give Up ,RNG vs EG 0,3,MSI,MSI 2022,Evil Geniuses ,Royal Never Give Up ,2022-05-27,0,red,16,27,43,4,9,13,2,0,2,2,1,3,79.1,87.5,166.6,red,197,red,963,blue,197,red,513,blue,1403,2625,"Impact,Inspired,jojopyun,Danny,Vulcan,","Bin,Wei,xiaohu,GALA,Ming,"
69,70502022,69,T1  vs G2 Esports ,T1 vs G2 Esports 0,1,MSI,MSI 2022,T1 ,G2 Esports ,2022-05-28,0,blue,13,7,20,11,0,11,3,0,3,1,0,1,50.9,39.1,90.0,blue,205,blue,530,blue,205,blue,503,blue,1295,1451,"Zeus,Oner,Faker,Gumayusi,Keria,","Brokenblade,Jankos,Caps,Flakked,Targamas,"
70,71502022,70,G2 Esports  vs T1 ,T1 vs G2 Esports 0,2,MSI,MSI 2022,G2 Esports ,T1 ,2022-05-28,0,red,11,18,29,2,11,13,2,0,2,0,1,1,51.9,65.6,117.5,red,62,red,724,red,62,blue,510,red,1592,1931,"Brokenblade,Jankos,Caps,Flakked,Targamas,","Zeus,Oner,Faker,Gumayusi,Keria,"
71,72502022,71,G2 Esports  vs T1 ,T1 vs G2 Esports 0,3,MSI,MSI 2022,G2 Esports ,T1 ,2022-05-28,0,red,5,22,27,0,8,8,0,0,0,0,0,0,30.4,45.2,75.6,blue,281,red,671,red,281,red,600,none,0,1242,"Brokenblade,Jankos,Caps,Flakked,Targamas,","Zeus,Oner,Faker,Gumayusi,Keria,"
72,73502022,72,Royal Never Give Up  vs T1 ,RNG vs T1 0,1,MSI,MSI 2022,Royal Never Give Up ,T1 ,2022-05-29,0,blue,19,6,25,10,3,13,4,0,4,1,0,1,64.6,55.2,119.8,blue,55,red,887,blue,55,blue,534,blue,1671,1993,"Bin,Wei,xiaohu,GALA,Ming,","Zeus,Oner,Faker,Gumayusi,Keria,"
73,74502022,73,T1  vs Royal Never Give Up ,RNG vs T1 0,2,MSI,MSI 2022,T1 ,Royal Never Give Up ,2022-05-29,0,blue,15,5,20,8,2,10,1,0,1,0,1,1,51.1,43.4,94.5,blue,191,blue,811,red,191,blue,525,red,1394,1565,"Zeus,Oner,Faker,Gumayusi,Keria,","Bin,Wei,xiaohu,GALA,Ming,"
74,75502022,74,Royal Never Give Up  vs T1 ,RNG vs T1 0,3,MSI,MSI 2022,Royal Never Give Up ,T1 ,2022-05-29,0,blue,24,8,32,11,3,14,3,0,3,1,0,1,58.6,48.0,106.6,blue,197,blue,734,blue,197,blue,620,blue,1482,1698,"Bin,Wei,xiaohu,GALA,Ming,","Zeus,Oner,Faker,Gumayusi,Keria,"
75,76502022,75,T1  vs Royal Never Give Up ,RNG vs T1 0,4,MSI,MSI 2022,T1 ,Royal Never Give Up ,2022-05-29,0,blue,10,3,13,8,2,10,3,0,3,1,0,1,54.5,44.2,98.7,blue,293,blue,667,red,293,blue,626,blue,1685,1787,"Zeus,Oner,Faker,Gumayusi,Keria,","Bin,Wei,xiaohu,GALA,Ming,"
76,77502022,76,Royal Never Give Up  vs T1 ,RNG vs T1 0,5,MSI,MSI 2022,Royal Never Give Up ,T1 ,2022-05-29,0,blue,15,3,18,8,1,9,4,0,4,1,0,1,50.3,38.5,88.8,blue,138,blue,824,blue,138,blue,537,blue,1422,1539,"Bin,Wei,xiaohu,GALA,Ming,","Zeus,Oner,Faker,Gumayusi,Keria,"
